{
    "0.0": "red",
    "0.1": "red",
    "0.2": "red",
    "0.3": "red",
    "0.4": "red",
    "0.5": "red",
    "0.6": "red",
    "0.7": "red",
    "0.8": "red",
    "0.9": "red",
    "1.0": "red",
    "1.1": "red",
    "1.2": "red",
    "1.3": "red",
    "1.4": "red",
    "1.5": "red",
    "1.6": "green",
    "1.7": "green",
    "1.8": "green",
    "1.9": "green",
    "2.0": "green",
    "2.1": "green",
    "2.2": "green",
    "2.3": "green",
    "2.4": "green",
    "2.5": "green",
    "2.6": "green",
    "2.7": "green",
    "2.8": "green",
    "2.9": "green",
    "3.0": "green",
    "3.1": "green",
    "3.2": "green",
    "3.3": "green",
    "3.4": "green",
    "3.5": "green",
    "3.6": "green",
    "3.7": "green",
    "3.8": "green",
    "3.9": "green",
    "4.0": "green",
    "4.1": "green",
    "4.2": "green",
    "4.3": "green",
    "4.4": "green",
    "4.5": "green",
    "4.6": "green",
    "4.7": "green",
    "4.8": "green",
    "4.9": "green",
    "5.0": "green",
    "5.1": "green",
    "5.2": "green",
    "5.3": "green",
    "5.4": "green",
    "5.5": "green",
    "5.6": "green",
    "5.7": "green",
    "5.8": "green",
    "5.9": "green",
    "6.0": "green"
}