{
    "0.0": "red",
    "0.1": "red",
    "0.2": "red",
    "0.3": "red",
    "0.4": "red",
    "0.5": "red",
    "0.6": "red",
    "0.7": "red",
    "0.8": "red",
    "0.9": "red",
    "1.0": "red",
    "1.1": "red",
    "1.2": "red",
    "1.3": "red",
    "1.4": "red",
    "1.5": "red",
    "1.6": "red",
    "1.7": "red",
    "1.8": "red",
    "1.9": "red",
    "2.0": "red",
    "2.1": "red",
    "2.2": "red",
    "2.3": "red",
    "2.4": "red",
    "2.5": "red",
    "2.6": "red",
    "2.7": "red",
    "2.8": "red",
    "2.9": "red",
    "3.0": "red",
    "3.1": "red",
    "3.2": "red",
    "3.3": "red",
    "3.4": "red",
    "3.5": "red",
    "3.6": "red",
    "3.7": "red",
    "3.8": "red",
    "3.9": "red",
    "4.0": "red",
    "4.1": "red",
    "4.2": "red",
    "4.3": "red",
    "4.4": "red",
    "4.5": "red",
    "4.6": "red",
    "4.7": "red",
    "4.8": "red",
    "4.9": "red",
    "5.0": "red",
    "5.1": "red",
    "5.2": "red",
    "5.3": "red",
    "5.4": "red",
    "5.5": "red",
    "5.6": "red",
    "5.7": "red",
    "5.8": "red",
    "5.9": "red",
    "6.0": "red",
    "6.1": "red",
    "6.2": "red",
    "6.3": "red",
    "6.4": "red",
    "6.5": "red",
    "6.6": "red",
    "6.7": "red",
    "6.8": "red",
    "6.9": "red",
    "7.0": "red",
    "7.1": "red",
    "7.2": "red",
    "7.3": "red",
    "7.4": "red",
    "7.5": "red",
    "7.6": "red",
    "7.7": "red",
    "7.8": "red",
    "7.9": "red",
    "8.0": "red",
    "8.1": "red",
    "8.2": "red",
    "8.3": "red",
    "8.4": "red",
    "8.5": "red",
    "8.6": "red",
    "8.7": "red",
    "8.8": "red",
    "8.9": "red",
    "9.0": "red",
    "9.1": "red",
    "9.2": "red",
    "9.3": "red",
    "9.4": "red",
    "9.5": "red",
    "9.6": "red",
    "9.7": "red",
    "9.8": "red",
    "9.9": "red",
    "10.0": "red",
    "10.1": "red",
    "10.2": "red"
}