{
    "0.0": "green",
    "0.1": "green",
    "0.2": "green",
    "0.3": "green",
    "0.4": "green",
    "0.5": "green",
    "0.6": "green",
    "0.7": "green",
    "0.8": "green",
    "0.9": "green",
    "1.0": "green",
    "1.1": "green",
    "1.2": "green",
    "1.3": "green",
    "1.4": "green",
    "1.5": "green",
    "1.6": "green",
    "1.7": "green",
    "1.8": "green",
    "1.9": "green",
    "2.0": "green",
    "2.1": "green",
    "2.2": "green",
    "2.3": "green",
    "2.4": "green",
    "2.5": "green",
    "2.6": "green",
    "2.7": "green",
    "2.8": "green",
    "2.9": "green",
    "3.0": "green",
    "3.1": "green",
    "3.2": "green",
    "3.3": "green",
    "3.4": "green",
    "3.5": "green",
    "3.6": "green",
    "3.7": "green",
    "3.8": "green",
    "3.9": "green",
    "4.0": "green",
    "4.1": "green",
    "4.2": "green",
    "4.3": "green",
    "4.4": "green",
    "4.5": "green",
    "4.6": "green",
    "4.7": "green",
    "4.8": "green",
    "4.9": "green",
    "5.0": "green",
    "5.1": "green",
    "5.2": "green",
    "5.3": "green",
    "5.4": "green",
    "5.5": "green",
    "5.6": "green",
    "5.7": "green",
    "5.8": "green",
    "5.9": "green",
    "6.0": "green",
    "6.1": "green",
    "6.2": "green",
    "6.3": "green",
    "6.4": "green",
    "6.5": "green",
    "6.6": "green",
    "6.7": "green",
    "6.8": "green",
    "6.9": "green",
    "7.0": "green",
    "7.1": "green",
    "7.2": "green",
    "7.3": "green",
    "7.4": "green",
    "7.5": "green",
    "7.6": "green",
    "7.7": "green",
    "7.8": "green",
    "7.9": "green",
    "8.0": "green",
    "8.1": "green",
    "8.2": "green",
    "8.3": "green",
    "8.4": "green",
    "8.5": "green",
    "8.6": "green",
    "8.7": "green",
    "8.8": "green",
    "8.9": "green",
    "9.0": "green",
    "9.1": "green",
    "9.2": "green",
    "9.3": "green",
    "9.4": "green",
    "9.5": "green",
    "9.6": "green",
    "9.7": "green",
    "9.8": "green",
    "9.9": "green",
    "10.0": "green",
    "10.1": "green",
    "10.2": "green",
    "10.3": "green",
    "10.4": "green",
    "10.5": "green",
    "10.6": "green",
    "10.7": "green",
    "10.8": "green",
    "10.9": "green",
    "11.0": "green",
    "11.1": "green",
    "11.2": "green",
    "11.3": "green",
    "11.4": "green",
    "11.5": "green",
    "11.6": "green",
    "11.7": "green",
    "11.8": "green",
    "11.9": "green",
    "12.0": "green",
    "12.1": "green",
    "12.2": "green",
    "12.3": "green",
    "12.4": "green",
    "12.5": "green",
    "12.6": "green",
    "12.7": "green",
    "12.8": "green",
    "12.9": "green",
    "13.0": "green",
    "13.1": "green",
    "13.2": "green",
    "13.3": "green",
    "13.4": "green",
    "13.5": "green",
    "13.6": "green",
    "13.7": "green",
    "13.8": "green",
    "13.9": "green",
    "14.0": "green",
    "14.1": "green",
    "14.2": "green",
    "14.3": "green",
    "14.4": "green",
    "14.5": "green",
    "14.6": "green",
    "14.7": "green",
    "14.8": "green",
    "14.9": "green",
    "15.0": "green",
    "15.1": "green",
    "15.2": "green",
    "15.3": "green",
    "15.4": "green",
    "15.5": "green",
    "15.6": "green",
    "15.7": "green",
    "15.8": "green",
    "15.9": "green",
    "16.0": "green",
    "16.1": "green",
    "16.2": "green",
    "16.3": "green",
    "16.4": "green",
    "16.5": "green",
    "16.6": "green",
    "16.7": "green",
    "16.8": "green",
    "16.9": "green",
    "17.0": "green",
    "17.1": "green",
    "17.2": "green",
    "17.3": "green",
    "17.4": "green",
    "17.5": "green",
    "17.6": "green",
    "17.7": "green",
    "17.8": "green",
    "17.9": "green",
    "18.0": "green",
    "18.1": "green",
    "18.2": "green",
    "18.3": "green",
    "18.4": "green",
    "18.5": "green",
    "18.6": "green",
    "18.7": "green",
    "18.8": "green",
    "18.9": "green",
    "19.0": "green",
    "19.1": "green",
    "19.2": "green",
    "19.3": "green",
    "19.4": "green",
    "19.5": "green",
    "19.6": "green",
    "19.7": "green",
    "19.8": "green",
    "19.9": "green",
    "20.0": "green"
}