{
    "0.0": "green",
    "0.1": "green",
    "0.2": "green",
    "0.3": "green",
    "0.4": "green",
    "0.5": "green",
    "0.6": "green",
    "0.7": "green",
    "0.8": "green",
    "0.9": "green",
    "1.0": "green",
    "1.1": "green",
    "1.2": "green",
    "1.3": "green",
    "1.4": "green",
    "1.5": "green",
    "1.6": "green",
    "1.7": "green",
    "1.8": "green",
    "1.9": "green",
    "2.0": "green",
    "2.1": "green",
    "2.2": "green",
    "2.3": "green",
    "2.4": "green",
    "2.5": "green",
    "2.6": "green",
    "2.7": "green",
    "2.8": "green",
    "2.9": "green",
    "3.0": "green",
    "3.1": "green",
    "3.2": "green",
    "3.3": "green",
    "3.4": "green",
    "3.5": "green",
    "3.6": "green",
    "3.7": "green",
    "3.8": "green",
    "3.9": "green",
    "4.0": "green",
    "4.1": "green",
    "4.2": "green",
    "4.3": "green",
    "4.4": "green",
    "4.5": "green",
    "4.6": "green",
    "4.7": "green",
    "4.8": "green",
    "4.9": "green",
    "5.0": "green",
    "5.1": "green",
    "5.2": "green",
    "5.3": "green",
    "5.4": "green",
    "5.5": "green",
    "5.6": "green",
    "5.7": "green",
    "5.8": "green",
    "5.9": "green",
    "6.0": "green",
    "6.1": "green",
    "6.2": "green",
    "6.3": "green",
    "6.4": "green",
    "6.5": "green",
    "6.6": "green",
    "6.7": "green",
    "6.8": "green",
    "6.9": "green",
    "7.0": "green",
    "7.1": "green",
    "7.2": "green",
    "7.3": "green",
    "7.4": "green",
    "7.5": "green",
    "7.6": "green",
    "7.7": "green",
    "7.8": "green",
    "7.9": "green",
    "8.0": "green",
    "8.1": "green",
    "8.2": "green",
    "8.3": "green",
    "8.4": "green",
    "8.5": "green",
    "8.6": "green",
    "8.7": "green",
    "8.8": "green",
    "8.9": "green",
    "9.0": "green",
    "9.1": "green",
    "9.2": "green",
    "9.3": "green",
    "9.4": "green",
    "9.5": "green",
    "9.6": "green",
    "9.7": "green",
    "9.8": "green",
    "9.9": "green",
    "10.0": "green",
    "10.1": "green",
    "10.2": "green",
    "10.3": "green",
    "10.4": "green",
    "10.5": "green",
    "10.6": "green",
    "10.7": "green",
    "10.8": "green",
    "10.9": "green",
    "11.0": "green",
    "11.1": "green",
    "11.2": "green",
    "11.3": "green",
    "11.4": "green",
    "11.5": "green",
    "11.6": "green",
    "11.7": "green",
    "11.8": "green",
    "11.9": "green",
    "12.0": "green",
    "12.1": "green",
    "12.2": "green",
    "12.3": "green",
    "12.4": "green",
    "12.5": "green",
    "12.6": "green",
    "12.7": "green",
    "12.8": "green",
    "12.9": "green",
    "13.0": "green"
}