{
    "0.0": "green",
    "0.1": "green",
    "0.2": "green",
    "0.3": "green",
    "0.4": "green",
    "0.5": "green",
    "0.6": "green",
    "0.7": "green",
    "0.8": "green",
    "0.9": "green",
    "1.0": "green",
    "1.1": "green",
    "1.2": "green",
    "1.3": "green",
    "1.4": "green",
    "1.5": "green",
    "1.6": "green",
    "1.7": "green",
    "1.8": "green",
    "1.9": "green",
    "2.0": "green",
    "2.1": "green",
    "2.2": "green",
    "2.3": "green",
    "2.4": "green",
    "2.5": "green",
    "2.6": "green",
    "2.7": "green",
    "2.8": "green",
    "2.9": "green",
    "3.0": "green",
    "3.1": "green",
    "3.2": "green",
    "3.3": "green",
    "3.4": "green",
    "3.5": "green",
    "3.6": "green",
    "3.7": "green",
    "3.8": "green",
    "3.9": "green",
    "4.0": "green",
    "4.1": "green",
    "4.2": "green",
    "4.3": "green",
    "4.4": "green",
    "4.5": "green",
    "4.6": "green",
    "4.7": "green",
    "4.8": "green",
    "4.9": "green",
    "5.0": "green",
    "5.1": "green",
    "5.2": "green",
    "5.3": "green",
    "5.4": "green",
    "5.5": "green",
    "5.6": "green",
    "5.7": "green",
    "5.8": "green",
    "5.9": "green",
    "6.0": "green",
    "6.1": "green",
    "6.2": "green",
    "6.3": "green",
    "6.4": "green",
    "6.5": "green",
    "6.6": "green",
    "6.7": "green",
    "6.8": "green",
    "6.9": "green",
    "7.0": "green",
    "7.1": "green",
    "7.2": "green",
    "7.3": "green",
    "7.4": "green",
    "7.5": "green",
    "7.6": "green",
    "7.7": "green",
    "7.8": "green",
    "7.9": "green",
    "8.0": "green",
    "8.1": "green",
    "8.2": "green",
    "8.3": "green",
    "8.4": "green",
    "8.5": "green",
    "8.6": "green",
    "8.7": "green",
    "8.8": "green",
    "8.9": "green",
    "9.0": "green",
    "9.1": "green",
    "9.2": "green",
    "9.3": "green",
    "9.4": "green",
    "9.5": "green",
    "9.6": "green",
    "9.7": "green",
    "9.8": "green",
    "9.9": "green",
    "10.0": "green",
    "10.1": "green",
    "10.2": "green",
    "10.3": "green",
    "10.4": "green",
    "10.5": "green",
    "10.6": "green",
    "10.7": "green",
    "10.8": "green",
    "10.9": "green",
    "11.0": "green",
    "11.1": "green",
    "11.2": "green",
    "11.3": "green",
    "11.4": "green",
    "11.5": "green",
    "11.6": "green",
    "11.7": "green",
    "11.8": "green",
    "11.9": "green",
    "12.0": "green",
    "12.1": "green",
    "12.2": "green",
    "12.3": "green",
    "12.4": "green",
    "12.5": "green",
    "12.6": "green",
    "12.7": "green",
    "12.8": "green",
    "12.9": "green",
    "13.0": "green",
    "13.1": "green",
    "13.2": "green",
    "13.3": "green",
    "13.4": "green",
    "13.5": "green",
    "13.6": "green",
    "13.7": "green",
    "13.8": "green",
    "13.9": "green",
    "14.0": "green",
    "14.1": "green",
    "14.2": "green",
    "14.3": "green",
    "14.4": "green",
    "14.5": "green",
    "14.6": "green",
    "14.7": "green",
    "14.8": "green",
    "14.9": "green",
    "15.0": "green",
    "15.1": "green",
    "15.2": "green",
    "15.3": "green",
    "15.4": "green",
    "15.5": "green",
    "15.6": "green",
    "15.7": "green",
    "15.8": "green",
    "15.9": "green",
    "16.0": "green",
    "16.1": "green",
    "16.2": "green",
    "16.3": "green",
    "16.4": "green",
    "16.5": "green",
    "16.6": "green",
    "16.7": "green",
    "16.8": "green",
    "16.9": "green",
    "17.0": "green",
    "17.1": "green",
    "17.2": "green",
    "17.3": "green",
    "17.4": "green",
    "17.5": "green",
    "17.6": "green",
    "17.7": "green",
    "17.8": "green",
    "17.9": "green",
    "18.0": "green",
    "18.1": "green",
    "18.2": "green",
    "18.3": "green",
    "18.4": "green",
    "18.5": "green",
    "18.6": "green",
    "18.7": "green",
    "18.8": "green",
    "18.9": "green",
    "19.0": "green",
    "19.1": "green",
    "19.2": "green",
    "19.3": "green",
    "19.4": "green",
    "19.5": "green",
    "19.6": "green",
    "19.7": "green",
    "19.8": "green",
    "19.9": "green",
    "20.0": "green",
    "20.1": "green",
    "20.2": "green",
    "20.3": "green",
    "20.4": "green",
    "20.5": "green",
    "20.6": "green",
    "20.7": "green",
    "20.8": "green",
    "20.9": "green",
    "21.0": "green",
    "21.1": "green",
    "21.2": "green",
    "21.3": "green",
    "21.4": "green",
    "21.5": "green",
    "21.6": "green",
    "21.7": "green",
    "21.8": "green",
    "21.9": "green",
    "22.0": "green",
    "22.1": "green",
    "22.2": "green",
    "22.3": "green",
    "22.4": "green",
    "22.5": "green",
    "22.6": "green",
    "22.7": "green",
    "22.8": "green",
    "22.9": "green",
    "23.0": "green",
    "23.1": "green",
    "23.2": "green",
    "23.3": "green",
    "23.4": "green",
    "23.5": "green",
    "23.6": "green",
    "23.7": "green",
    "23.8": "green",
    "23.9": "green",
    "24.0": "green",
    "24.1": "green",
    "24.2": "green",
    "24.3": "green",
    "24.4": "green",
    "24.5": "green",
    "24.6": "green",
    "24.7": "green",
    "24.8": "green",
    "24.9": "green",
    "25.0": "green",
    "25.1": "green",
    "25.2": "green",
    "25.3": "green",
    "25.4": "green",
    "25.5": "green",
    "25.6": "green",
    "25.7": "green",
    "25.8": "green",
    "25.9": "green",
    "26.0": "green",
    "26.1": "green",
    "26.2": "green",
    "26.3": "green",
    "26.4": "green",
    "26.5": "green",
    "26.6": "green",
    "26.7": "green",
    "26.8": "green",
    "26.9": "green",
    "27.0": "green",
    "27.1": "green",
    "27.2": "green",
    "27.3": "green",
    "27.4": "green",
    "27.5": "green",
    "27.6": "green",
    "27.7": "green",
    "27.8": "green",
    "27.9": "green",
    "28.0": "green",
    "28.1": "green",
    "28.2": "green",
    "28.3": "green",
    "28.4": "green",
    "28.5": "green",
    "28.6": "green",
    "28.7": "green",
    "28.8": "green",
    "28.9": "green",
    "29.0": "green",
    "29.1": "green",
    "29.2": "green",
    "29.3": "green",
    "29.4": "green",
    "29.5": "green",
    "29.6": "green",
    "29.7": "green",
    "29.8": "green",
    "29.9": "green",
    "30.0": "green",
    "30.1": "green",
    "30.2": "green",
    "30.3": "green",
    "30.4": "green",
    "30.5": "green",
    "30.6": "green",
    "30.7": "green",
    "30.8": "green",
    "30.9": "green",
    "31.0": "green",
    "31.1": "green",
    "31.2": "green",
    "31.3": "green",
    "31.4": "green",
    "31.5": "green",
    "31.6": "green",
    "31.7": "green",
    "31.8": "green",
    "31.9": "green",
    "32.0": "green",
    "32.1": "green",
    "32.2": "green",
    "32.3": "green",
    "32.4": "green",
    "32.5": "green",
    "32.6": "green",
    "32.7": "green",
    "32.8": "green",
    "32.9": "green",
    "33.0": "green",
    "33.1": "green",
    "33.2": "green",
    "33.3": "green",
    "33.4": "green",
    "33.5": "green",
    "33.6": "green",
    "33.7": "green",
    "33.8": "green",
    "33.9": "green",
    "34.0": "green",
    "34.1": "green",
    "34.2": "green",
    "34.3": "green",
    "34.4": "green",
    "34.5": "green",
    "34.6": "green",
    "34.7": "green",
    "34.8": "green",
    "34.9": "green",
    "35.0": "green",
    "35.1": "green",
    "35.2": "green",
    "35.3": "green",
    "35.4": "green",
    "35.5": "green",
    "35.6": "green",
    "35.7": "green",
    "35.8": "green",
    "35.9": "green",
    "36.0": "green",
    "36.1": "green",
    "36.2": "green",
    "36.3": "green",
    "36.4": "green",
    "36.5": "green",
    "36.6": "green",
    "36.7": "green",
    "36.8": "green",
    "36.9": "green",
    "37.0": "green",
    "37.1": "green",
    "37.2": "green",
    "37.3": "green",
    "37.4": "green",
    "37.5": "green",
    "37.6": "green",
    "37.7": "green",
    "37.8": "green",
    "37.9": "green",
    "38.0": "green",
    "38.1": "green",
    "38.2": "green",
    "38.3": "green",
    "38.4": "green",
    "38.5": "green",
    "38.6": "green",
    "38.7": "green",
    "38.8": "green",
    "38.9": "green",
    "39.0": "green",
    "39.1": "green",
    "39.2": "green",
    "39.3": "green",
    "39.4": "green",
    "39.5": "green",
    "39.6": "green",
    "39.7": "green",
    "39.8": "green",
    "39.9": "green",
    "40.0": "green",
    "40.1": "green",
    "40.2": "green",
    "40.3": "green",
    "40.4": "green",
    "40.5": "green",
    "40.6": "green",
    "40.7": "green",
    "40.8": "green",
    "40.9": "green",
    "41.0": "green",
    "41.1": "green",
    "41.2": "green",
    "41.3": "green",
    "41.4": "green",
    "41.5": "green",
    "41.6": "green",
    "41.7": "green",
    "41.8": "green",
    "41.9": "green",
    "42.0": "green",
    "42.1": "green",
    "42.2": "green",
    "42.3": "green",
    "42.4": "green",
    "42.5": "green",
    "42.6": "green",
    "42.7": "green",
    "42.8": "green",
    "42.9": "green",
    "43.0": "green",
    "43.1": "green",
    "43.2": "green",
    "43.3": "green",
    "43.4": "green",
    "43.5": "green",
    "43.6": "green",
    "43.7": "green",
    "43.8": "green",
    "43.9": "green",
    "44.0": "green",
    "44.1": "green",
    "44.2": "green",
    "44.3": "green",
    "44.4": "green",
    "44.5": "green",
    "44.6": "green",
    "44.7": "green",
    "44.8": "green",
    "44.9": "green",
    "45.0": "green",
    "45.1": "green",
    "45.2": "green",
    "45.3": "green",
    "45.4": "green",
    "45.5": "green",
    "45.6": "green",
    "45.7": "green",
    "45.8": "green",
    "45.9": "green",
    "46.0": "green",
    "46.1": "green",
    "46.2": "green",
    "46.3": "green",
    "46.4": "green",
    "46.5": "green",
    "46.6": "green",
    "46.7": "green",
    "46.8": "green",
    "46.9": "green",
    "47.0": "green",
    "47.1": "green",
    "47.2": "green",
    "47.3": "green",
    "47.4": "green",
    "47.5": "green",
    "47.6": "green",
    "47.7": "green",
    "47.8": "green",
    "47.9": "green",
    "48.0": "green",
    "48.1": "green",
    "48.2": "green",
    "48.3": "green",
    "48.4": "green",
    "48.5": "green",
    "48.6": "green",
    "48.7": "green",
    "48.8": "green",
    "48.9": "green",
    "49.0": "green",
    "49.1": "green",
    "49.2": "green",
    "49.3": "green",
    "49.4": "green",
    "49.5": "green",
    "49.6": "green",
    "49.7": "green",
    "49.8": "green",
    "49.9": "green",
    "50.0": "green",
    "50.1": "green",
    "50.2": "green",
    "50.3": "green",
    "50.4": "green",
    "50.5": "green",
    "50.6": "green",
    "50.7": "green",
    "50.8": "green",
    "50.9": "green",
    "51.0": "green",
    "51.1": "green",
    "51.2": "green",
    "51.3": "green",
    "51.4": "green",
    "51.5": "green",
    "51.6": "green",
    "51.7": "green",
    "51.8": "green",
    "51.9": "green",
    "52.0": "green",
    "52.1": "green",
    "52.2": "green",
    "52.3": "green",
    "52.4": "green",
    "52.5": "green",
    "52.6": "green",
    "52.7": "green",
    "52.8": "green",
    "52.9": "green",
    "53.0": "green",
    "53.1": "green",
    "53.2": "green",
    "53.3": "green",
    "53.4": "green",
    "53.5": "green",
    "53.6": "green",
    "53.7": "green",
    "53.8": "green",
    "53.9": "green",
    "54.0": "green",
    "54.1": "green",
    "54.2": "green",
    "54.3": "green",
    "54.4": "green",
    "54.5": "green",
    "54.6": "green",
    "54.7": "green",
    "54.8": "green",
    "54.9": "green",
    "55.0": "green",
    "55.1": "green",
    "55.2": "green",
    "55.3": "green",
    "55.4": "green",
    "55.5": "green",
    "55.6": "green",
    "55.7": "green",
    "55.8": "green",
    "55.9": "green",
    "56.0": "green",
    "56.1": "green",
    "56.2": "green",
    "56.3": "green",
    "56.4": "green",
    "56.5": "green",
    "56.6": "green",
    "56.7": "green",
    "56.8": "green",
    "56.9": "green",
    "57.0": "green",
    "57.1": "green",
    "57.2": "green",
    "57.3": "green",
    "57.4": "green",
    "57.5": "green",
    "57.6": "green",
    "57.7": "green",
    "57.8": "green",
    "57.9": "green",
    "58.0": "green",
    "58.1": "green",
    "58.2": "green",
    "58.3": "green",
    "58.4": "green",
    "58.5": "green",
    "58.6": "green",
    "58.7": "green",
    "58.8": "green",
    "58.9": "green",
    "59.0": "green",
    "59.1": "green",
    "59.2": "green",
    "59.3": "green",
    "59.4": "green",
    "59.5": "green",
    "59.6": "green",
    "59.7": "green",
    "59.8": "green",
    "59.9": "green",
    "60.0": "green",
    "60.1": "green",
    "60.2": "green",
    "60.3": "green",
    "60.4": "green",
    "60.5": "green",
    "60.6": "green",
    "60.7": "green",
    "60.8": "green",
    "60.9": "green",
    "61.0": "green",
    "61.1": "green",
    "61.2": "green",
    "61.3": "green"
}